{
	"info": {
		"_postman_id": "5722a6ac-6283-432e-ba9a-470381c4c7b3",
		"name": "tp Copy copy",
		"schema": "https://schema.getpostman.com/json/collection/v2.1.0/collection.json"
	},
	"item": [
		{
			"name": "add user",
			"request": {
				"auth": {
					"type": "noauth"
				},
				"method": "POST",
				"header": [
					{
						"key": "Content-Type",
						"name": "Content-Type",
						"value": "application/json",
						"type": "text"
					}
				],
				"body": {
					"mode": "raw",
					"raw": "{\n\t\"name\":\"shank\",\n\t\"pass\":\"sdfghjkjhgfdsdfghjk\"\n}"
				},
				"url": {
					"raw": "127.0.0.1:5000/api/v1/users",
					"host": [
						"127",
						"0",
						"0",
						"1"
					],
					"port": "5000",
					"path": [
						"api",
						"v1",
						"users"
					]
				}
			},
			"response": []
		},
		{
			"name": "add category",
			"request": {
				"method": "POST",
				"header": [
					{
						"key": "Content-Type",
						"name": "Content-Type",
						"value": "application/json",
						"type": "text"
					}
				],
				"body": {
					"mode": "raw",
					"raw": "[\n\t\"Road\"\n]"
				},
				"url": {
					"raw": "127.0.0.1:5000/api/v1/categories",
					"host": [
						"127",
						"0",
						"0",
						"1"
					],
					"port": "5000",
					"path": [
						"api",
						"v1",
						"categories"
					]
				}
			},
			"response": []
		},
		{
			"name": "upload an act",
			"request": {
				"method": "POST",
				"header": [
					{
						"key": "Content-Type",
						"name": "Content-Type",
						"value": "application/json",
						"type": "text"
					}
				],
				"body": {
					"mode": "raw",
					"raw": " { \r\n\"actid\": 1, \r\n \"username\": \"akilesh18\", \r\n\"timestamp\": \"03-05-1999:59-59-23\", \r\n \"caption\": \"caption text\", \r\n \"categoryName\": \"['Road']\", \r\n  \"imgB64\": \"TWFuIGlzIGRpc3Rpbmd1aXNoZWQsIG5vdCBvb\"\r\n} "
				},
				"url": {
					"raw": "127.0.0.1:5000/api/v1/acts",
					"host": [
						"127",
						"0",
						"0",
						"1"
					],
					"port": "5000",
					"path": [
						"api",
						"v1",
						"acts"
					]
				}
			},
			"response": []
		},
		{
			"name": "upvote an act",
			"request": {
				"method": "POST",
				"header": [
					{
						"key": "Content-Type",
						"name": "Content-Type",
						"value": "application/json",
						"type": "text"
					}
				],
				"body": {
					"mode": "raw",
					"raw": "{\n\t\"actid\":1\n}"
				},
				"url": {
					"raw": "127.0.0.1:5000/api/v1/acts/upvote",
					"host": [
						"127",
						"0",
						"0",
						"1"
					],
					"port": "5000",
					"path": [
						"api",
						"v1",
						"acts",
						"upvote"
					]
				}
			},
			"response": []
		},
		{
			"name": "list all category",
			"protocolProfileBehavior": {
				"disableBodyPruning": true
			},
			"request": {
				"method": "GET",
				"header": [
					{
						"key": "Content-Type",
						"name": "Content-Type",
						"value": "application/json",
						"type": "text"
					}
				],
				"body": {
					"mode": "raw",
					"raw": "{\n\t\n}"
				},
				"url": {
					"raw": "127.0.0.1:5000/api/v1/categories",
					"host": [
						"127",
						"0",
						"0",
						"1"
					],
					"port": "5000",
					"path": [
						"api",
						"v1",
						"categories"
					]
				}
			},
			"response": []
		},
		{
			"name": " List acts for a given category ",
			"protocolProfileBehavior": {
				"disableBodyPruning": true
			},
			"request": {
				"method": "GET",
				"header": [
					{
						"key": "Content-Type",
						"name": "Content-Type",
						"value": "application/json",
						"type": "text"
					}
				],
				"body": {
					"mode": "raw",
					"raw": "{}"
				},
				"url": {
					"raw": "127.0.0.1:5000/api/v1/categories/['Road']/acts/",
					"host": [
						"127",
						"0",
						"0",
						"1"
					],
					"port": "5000",
					"path": [
						"api",
						"v1",
						"categories",
						"['Road']",
						"acts",
						""
					]
				}
			},
			"response": []
		},
		{
			"name": " List number of acts for a given category",
			"protocolProfileBehavior": {
				"disableBodyPruning": true
			},
			"request": {
				"method": "GET",
				"header": [
					{
						"key": "Content-Type",
						"name": "Content-Type",
						"value": "application/json",
						"type": "text"
					}
				],
				"body": {
					"mode": "raw",
					"raw": "{\n\t\n}"
				},
				"url": {
					"raw": "127.0.0.1:5000/api/v1/categories/['Road']/acts/size",
					"host": [
						"127",
						"0",
						"0",
						"1"
					],
					"port": "5000",
					"path": [
						"api",
						"v1",
						"categories",
						"['Road']",
						"acts",
						"size"
					]
				}
			},
			"response": []
		},
		{
			"name": " Return number of acts for a given category in a given range ",
			"protocolProfileBehavior": {
				"disableBodyPruning": true
			},
			"request": {
				"method": "GET",
				"header": [
					{
						"key": "Content-Type",
						"name": "Content-Type",
						"value": "application/json",
						"type": "text"
					}
				],
				"body": {
					"mode": "raw",
					"raw": "{\n\t\n}"
				},
				"url": {
					"raw": "127.0.0.1:5000/api/v1/categories/['Road']/acts?start=1&end=1",
					"host": [
						"127",
						"0",
						"0",
						"1"
					],
					"port": "5000",
					"path": [
						"api",
						"v1",
						"categories",
						"['Road']",
						"acts"
					],
					"query": [
						{
							"key": "start",
							"value": "1"
						},
						{
							"key": "end",
							"value": "1"
						}
					]
				}
			},
			"response": []
		},
		{
			"name": "delete user",
			"request": {
				"method": "DELETE",
				"header": [
					{
						"key": "Content-Type",
						"name": "Content-Type",
						"value": "application/json",
						"type": "text"
					}
				],
				"body": {
					"mode": "raw",
					"raw": "{\n\t\n}"
				},
				"url": {
					"raw": "127.0.0.1:5000/api/v1/users/akilesh",
					"host": [
						"127",
						"0",
						"0",
						"1"
					],
					"port": "5000",
					"path": [
						"api",
						"v1",
						"users",
						"akilesh"
					]
				}
			},
			"response": []
		},
		{
			"name": "remove category",
			"request": {
				"method": "DELETE",
				"header": [
					{
						"key": "Content-Type",
						"name": "Content-Type",
						"value": "application/json",
						"type": "text"
					}
				],
				"body": {
					"mode": "raw",
					"raw": "{\n\t\n}"
				},
				"url": {
					"raw": "35.175.142.163:80/api/v1/categories/bang5",
					"host": [
						"35",
						"175",
						"142",
						"163"
					],
					"port": "80",
					"path": [
						"api",
						"v1",
						"categories",
						"bang5"
					]
				}
			},
			"response": []
		},
		{
			"name": "delete an act",
			"request": {
				"method": "DELETE",
				"header": [
					{
						"key": "Content-Type",
						"name": "Content-Type",
						"value": "application/json",
						"type": "text"
					}
				],
				"body": {
					"mode": "raw",
					"raw": "{\n\n}"
				},
				"url": {
					"raw": "127.0.0.1:5000/api/v1/acts/1",
					"host": [
						"127",
						"0",
						"0",
						"1"
					],
					"port": "5000",
					"path": [
						"api",
						"v1",
						"acts",
						"1"
					]
				}
			},
			"response": []
		}
	]
}